<annotation>
	<source>
		<database>Makerere laboratory images database</database>
		<annotation>Makerere medical school/Mulago Hospital</annotation>
		<image></image>
		<flickrid></flickrid>
	</source>
	<owner>
		<flickrid></flickrid>
		<name>unknown</name>
	</owner>
	<size>
		<width>1024</width>
		<height>768</height>
		<depth>3</depth>
	</size>
	<segmented>0</segmented>
	<status>
		<bad>0</bad>
		<annotatedby>me</annotatedby>
		<checkedby>-</checkedby>
	</status>
	<object>
		<name>person</name>
		<action>Trophozoite</action>
		<pose>Unspecified</pose>
		<truncated>0</truncated>
		<occluded>0</occluded>
		<bndbox>
			<xmin>181.1118</xmin>
			<ymin>333.3602</ymin>
			<xmax>231.1118</xmax>
			<ymax>383.3602</ymax>
		</bndbox>
		<bad>0</bad>
		<checkedby>-</checkedby>
	</object>
	<object>
		<name>person</name>
		<action>Trophozoite</action>
		<pose>Unspecified</pose>
		<truncated>0</truncated>
		<occluded>0</occluded>
		<bndbox>
			<xmin>67.8199</xmin>
			<ymin>508.6646</ymin>
			<xmax>117.8199</xmax>
			<ymax>558.6646</ymax>
		</bndbox>
		<bad>0</bad>
		<checkedby>-</checkedby>
	</object>
	<object>
		<name>person</name>
		<action>Trophozoite</action>
		<pose>Unspecified</pose>
		<truncated>0</truncated>
		<occluded>0</occluded>
		<bndbox>
			<xmin>150.1056</xmin>
			<ymin>565.9068</ymin>
			<xmax>201.2981</xmax>
			<ymax>615.9068</ymax>
		</bndbox>
		<bad>0</bad>
		<checkedby>-</checkedby>
	</object>
	<object>
		<name>person</name>
		<action>Trophozoite</action>
		<pose>Unspecified</pose>
		<truncated>0</truncated>
		<occluded>0</occluded>
		<bndbox>
			<xmin>361.1863</xmin>
			<ymin>469.3106</ymin>
			<xmax>411.1863</xmax>
			<ymax>519.3106</ymax>
		</bndbox>
		<bad>0</bad>
		<checkedby>-</checkedby>
	</object>
	<object>
		<name>person</name>
		<action>Trophozoite</action>
		<pose>Unspecified</pose>
		<truncated>0</truncated>
		<occluded>0</occluded>
		<bndbox>
			<xmin>362.3789</xmin>
			<ymin>557.559</ymin>
			<xmax>412.3789</xmax>
			<ymax>607.559</ymax>
		</bndbox>
		<bad>0</bad>
		<checkedby>-</checkedby>
	</object>
	<object>
		<name>person</name>
		<action>Trophozoite</action>
		<pose>Unspecified</pose>
		<truncated>0</truncated>
		<occluded>0</occluded>
		<bndbox>
			<xmin>584.1925</xmin>
			<ymin>486.0062</ymin>
			<xmax>634.1925</xmax>
			<ymax>536.0062</ymax>
		</bndbox>
		<bad>0</bad>
		<checkedby>-</checkedby>
	</object>
	<object>
		<name>person</name>
		<action>Trophozoite</action>
		<pose>Unspecified</pose>
		<truncated>0</truncated>
		<occluded>0</occluded>
		<bndbox>
			<xmin>602.0807</xmin>
			<ymin>651.7702</ymin>
			<xmax>652.0807</xmax>
			<ymax>702.9627</ymax>
		</bndbox>
		<bad>0</bad>
		<checkedby>-</checkedby>
	</object>
	<object>
		<name>person</name>
		<action>Trophozoite</action>
		<pose>Unspecified</pose>
		<truncated>0</truncated>
		<occluded>0</occluded>
		<bndbox>
			<xmin>671.2484</xmin>
			<ymin>613.6087</ymin>
			<xmax>721.2484</xmax>
			<ymax>663.6087</ymax>
		</bndbox>
		<bad>0</bad>
		<checkedby>-</checkedby>
	</object>
	<object>
		<name>person</name>
		<action>Trophozoite</action>
		<pose>Unspecified</pose>
		<truncated>0</truncated>
		<occluded>0</occluded>
		<bndbox>
			<xmin>727.2981</xmin>
			<ymin>453.8075</ymin>
			<xmax>777.2981</xmax>
			<ymax>503.8075</ymax>
		</bndbox>
		<bad>0</bad>
		<checkedby>-</checkedby>
	</object>
	<object>
		<name>person</name>
		<action>Trophozoite</action>
		<pose>Unspecified</pose>
		<truncated>0</truncated>
		<occluded>0</occluded>
		<bndbox>
			<xmin>882.3292</xmin>
			<ymin>629.1118</ymin>
			<xmax>932.3292</xmax>
			<ymax>679.1118</ymax>
		</bndbox>
		<bad>0</bad>
		<checkedby>-</checkedby>
	</object>
</annotation>
