<annotation>
	<source>
		<database>Makerere laboratory images database</database>
		<annotation>Makerere medical school/Mulago Hospital</annotation>
		<image></image>
		<flickrid></flickrid>
	</source>
	<owner>
		<flickrid></flickrid>
		<name>unknown</name>
	</owner>
	<size>
		<width>1024</width>
		<height>768</height>
		<depth>3</depth>
	</size>
	<segmented>0</segmented>
	<status>
		<bad>0</bad>
		<annotatedby>me</annotatedby>
		<checkedby>-</checkedby>
	</status>
	<object>
		<name>person</name>
		<action>Trophozoite</action>
		<pose>Unspecified</pose>
		<truncated>0</truncated>
		<occluded>0</occluded>
		<bndbox>
			<xmin>132.2174</xmin>
			<ymin>153.2857</ymin>
			<xmax>182.2174</xmax>
			<ymax>203.2857</ymax>
		</bndbox>
		<bad>0</bad>
		<checkedby>-</checkedby>
	</object>
	<object>
		<name>person</name>
		<action>Trophozoite</action>
		<pose>Unspecified</pose>
		<truncated>0</truncated>
		<occluded>0</occluded>
		<bndbox>
			<xmin>80.9379</xmin>
			<ymin>31.646</ymin>
			<xmax>130.9379</xmax>
			<ymax>81.646</ymax>
		</bndbox>
		<bad>0</bad>
		<checkedby>-</checkedby>
	</object>
	<object>
		<name>person</name>
		<action>Trophozoite</action>
		<pose>Unspecified</pose>
		<truncated>0</truncated>
		<occluded>0</occluded>
		<bndbox>
			<xmin>101.2112</xmin>
			<ymin>5.4099</ymin>
			<xmax>151.2112</xmax>
			<ymax>55.4099</ymax>
		</bndbox>
		<bad>0</bad>
		<checkedby>-</checkedby>
	</object>
	<object>
		<name>person</name>
		<action>Trophozoite</action>
		<pose>Unspecified</pose>
		<truncated>0</truncated>
		<occluded>0</occluded>
		<bndbox>
			<xmin>148.913</xmin>
			<ymin>48.3416</ymin>
			<xmax>198.913</xmax>
			<ymax>98.3416</ymax>
		</bndbox>
		<bad>0</bad>
		<checkedby>-</checkedby>
	</object>
	<object>
		<name>person</name>
		<action>Trophozoite</action>
		<pose>Unspecified</pose>
		<truncated>0</truncated>
		<occluded>0</occluded>
		<bndbox>
			<xmin>352.8385</xmin>
			<ymin>434.7267</ymin>
			<xmax>402.8385</xmax>
			<ymax>484.7267</ymax>
		</bndbox>
		<bad>0</bad>
		<checkedby>-</checkedby>
	</object>
	<object>
		<name>person</name>
		<action>Trophozoite</action>
		<pose>Unspecified</pose>
		<truncated>0</truncated>
		<occluded>0</occluded>
		<bndbox>
			<xmin>547.2236</xmin>
			<ymin>475.2733</ymin>
			<xmax>597.2236</xmax>
			<ymax>525.2733</ymax>
		</bndbox>
		<bad>0</bad>
		<checkedby>-</checkedby>
	</object>
	<object>
		<name>person</name>
		<action>Trophozoite</action>
		<pose>Unspecified</pose>
		<truncated>0</truncated>
		<occluded>0</occluded>
		<bndbox>
			<xmin>637.8571</xmin>
			<ymin>565.9068</ymin>
			<xmax>687.8571</xmax>
			<ymax>615.9068</ymax>
		</bndbox>
		<bad>0</bad>
		<checkedby>-</checkedby>
	</object>
	<object>
		<name>person</name>
		<action>Trophozoite</action>
		<pose>Unspecified</pose>
		<truncated>0</truncated>
		<occluded>0</occluded>
		<bndbox>
			<xmin>649.7826</xmin>
			<ymin>421.6087</ymin>
			<xmax>699.7826</xmax>
			<ymax>471.6087</ymax>
		</bndbox>
		<bad>0</bad>
		<checkedby>-</checkedby>
	</object>
	<object>
		<name>person</name>
		<action>Trophozoite</action>
		<pose>Unspecified</pose>
		<truncated>0</truncated>
		<occluded>0</occluded>
		<bndbox>
			<xmin>643.8199</xmin>
			<ymin>334.5528</ymin>
			<xmax>693.8199</xmax>
			<ymax>384.5528</ymax>
		</bndbox>
		<bad>0</bad>
		<checkedby>-</checkedby>
	</object>
	<object>
		<name>person</name>
		<action>Trophozoite</action>
		<pose>Unspecified</pose>
		<truncated>0</truncated>
		<occluded>0</occluded>
		<bndbox>
			<xmin>678.4037</xmin>
			<ymin>376.2919</ymin>
			<xmax>728.4037</xmax>
			<ymax>426.2919</ymax>
		</bndbox>
		<bad>0</bad>
		<checkedby>-</checkedby>
	</object>
	<object>
		<name>person</name>
		<action>Trophozoite</action>
		<pose>Unspecified</pose>
		<truncated>0</truncated>
		<occluded>0</occluded>
		<bndbox>
			<xmin>715.3727</xmin>
			<ymin>341.7081</ymin>
			<xmax>765.3727</xmax>
			<ymax>391.7081</ymax>
		</bndbox>
		<bad>0</bad>
		<checkedby>-</checkedby>
	</object>
	<object>
		<name>person</name>
		<action>Trophozoite</action>
		<pose>Unspecified</pose>
		<truncated>0</truncated>
		<occluded>0</occluded>
		<bndbox>
			<xmin>761.882</xmin>
			<ymin>344.0932</ymin>
			<xmax>811.882</xmax>
			<ymax>394.0932</ymax>
		</bndbox>
		<bad>0</bad>
		<checkedby>-</checkedby>
	</object>
	<object>
		<name>person</name>
		<action>Trophozoite</action>
		<pose>Unspecified</pose>
		<truncated>0</truncated>
		<occluded>0</occluded>
		<bndbox>
			<xmin>789.3106</xmin>
			<ymin>351.2484</ymin>
			<xmax>839.3106</xmax>
			<ymax>401.2484</ymax>
		</bndbox>
		<bad>0</bad>
		<checkedby>-</checkedby>
	</object>
	<object>
		<name>person</name>
		<action>Trophozoite</action>
		<pose>Unspecified</pose>
		<truncated>0</truncated>
		<occluded>0</occluded>
		<bndbox>
			<xmin>816.7391</xmin>
			<ymin>267.7702</ymin>
			<xmax>866.7391</xmax>
			<ymax>317.7702</ymax>
		</bndbox>
		<bad>0</bad>
		<checkedby>-</checkedby>
	</object>
	<object>
		<name>person</name>
		<action>Trophozoite</action>
		<pose>Unspecified</pose>
		<truncated>0</truncated>
		<occluded>0</occluded>
		<bndbox>
			<xmin>780.9627</xmin>
			<ymin>197.4099</ymin>
			<xmax>830.9627</xmax>
			<ymax>247.4099</ymax>
		</bndbox>
		<bad>0</bad>
		<checkedby>-</checkedby>
	</object>
	<object>
		<name>person</name>
		<action>Trophozoite</action>
		<pose>Unspecified</pose>
		<truncated>0</truncated>
		<occluded>0</occluded>
		<bndbox>
			<xmin>724.913</xmin>
			<ymin>223.646</ymin>
			<xmax>774.913</xmax>
			<ymax>273.646</ymax>
		</bndbox>
		<bad>0</bad>
		<checkedby>-</checkedby>
	</object>
	<object>
		<name>person</name>
		<action>Trophozoite</action>
		<pose>Unspecified</pose>
		<truncated>0</truncated>
		<occluded>0</occluded>
		<bndbox>
			<xmin>714.1801</xmin>
			<ymin>276.118</ymin>
			<xmax>764.1801</xmax>
			<ymax>326.118</ymax>
		</bndbox>
		<bad>0</bad>
		<checkedby>-</checkedby>
	</object>
	<object>
		<name>person</name>
		<action>Trophozoite</action>
		<pose>Unspecified</pose>
		<truncated>0</truncated>
		<occluded>0</occluded>
		<bndbox>
			<xmin>676.0186</xmin>
			<ymin>278.5031</ymin>
			<xmax>726.0186</xmax>
			<ymax>328.5031</ymax>
		</bndbox>
		<bad>0</bad>
		<checkedby>-</checkedby>
	</object>
	<object>
		<name>person</name>
		<action>Trophozoite</action>
		<pose>Unspecified</pose>
		<truncated>0</truncated>
		<occluded>0</occluded>
		<bndbox>
			<xmin>469.7081</xmin>
			<ymin>568.2919</ymin>
			<xmax>519.7081</xmax>
			<ymax>618.2919</ymax>
		</bndbox>
		<bad>0</bad>
		<checkedby>-</checkedby>
	</object>
	<object>
		<name>person</name>
		<action>Trophozoite</action>
		<pose>Unspecified</pose>
		<truncated>0</truncated>
		<occluded>0</occluded>
		<bndbox>
			<xmin>460.1677</xmin>
			<ymin>618.3789</ymin>
			<xmax>510.1677</xmax>
			<ymax>668.3789</ymax>
		</bndbox>
		<bad>0</bad>
		<checkedby>-</checkedby>
	</object>
	<object>
		<name>person</name>
		<action>Trophozoite</action>
		<pose>Unspecified</pose>
		<truncated>0</truncated>
		<occluded>0</occluded>
		<bndbox>
			<xmin>388.6149</xmin>
			<ymin>537.2857</ymin>
			<xmax>438.6149</xmax>
			<ymax>587.2857</ymax>
		</bndbox>
		<bad>0</bad>
		<checkedby>-</checkedby>
	</object>
	<object>
		<name>person</name>
		<action>Trophozoite</action>
		<pose>Unspecified</pose>
		<truncated>0</truncated>
		<occluded>0</occluded>
		<bndbox>
			<xmin>561.5342</xmin>
			<ymin>595.7205</ymin>
			<xmax>611.5342</xmax>
			<ymax>645.7205</ymax>
		</bndbox>
		<bad>0</bad>
		<checkedby>-</checkedby>
	</object>
	<object>
		<name>person</name>
		<action>Trophozoite</action>
		<pose>Unspecified</pose>
		<truncated>0</truncated>
		<occluded>0</occluded>
		<bndbox>
			<xmin>569.882</xmin>
			<ymin>666.0807</ymin>
			<xmax>619.882</xmax>
			<ymax>716.0807</ymax>
		</bndbox>
		<bad>0</bad>
		<checkedby>-</checkedby>
	</object>
	<object>
		<name>person</name>
		<action>Trophozoite</action>
		<pose>Unspecified</pose>
		<truncated>0</truncated>
		<occluded>0</occluded>
		<bndbox>
			<xmin>878.7516</xmin>
			<ymin>669.6584</ymin>
			<xmax>928.7516</xmax>
			<ymax>719.6584</ymax>
		</bndbox>
		<bad>0</bad>
		<checkedby>-</checkedby>
	</object>
	<object>
		<name>person</name>
		<action>Trophozoite</action>
		<pose>Unspecified</pose>
		<truncated>0</truncated>
		<occluded>0</occluded>
		<bndbox>
			<xmin>965.8075</xmin>
			<ymin>575.4472</ymin>
			<xmax>1015.8075</xmax>
			<ymax>625.4472</ymax>
		</bndbox>
		<bad>0</bad>
		<checkedby>-</checkedby>
	</object>
	<object>
		<name>person</name>
		<action>Trophozoite</action>
		<pose>Unspecified</pose>
		<truncated>0</truncated>
		<occluded>0</occluded>
		<bndbox>
			<xmin>981.3106</xmin>
			<ymin>682.7764</ymin>
			<xmax>1031.3106</xmax>
			<ymax>732.7764</ymax>
		</bndbox>
		<bad>0</bad>
		<checkedby>-</checkedby>
	</object>
	<object>
		<name>person</name>
		<action>Trophozoite</action>
		<pose>Unspecified</pose>
		<truncated>0</truncated>
		<occluded>0</occluded>
		<bndbox>
			<xmin>982.5031</xmin>
			<ymin>728.0932</ymin>
			<xmax>1032.5031</xmax>
			<ymax>778.0932</ymax>
		</bndbox>
		<bad>0</bad>
		<checkedby>-</checkedby>
	</object>
	<object>
		<name>person</name>
		<action>Trophozoite</action>
		<pose>Unspecified</pose>
		<truncated>0</truncated>
		<occluded>0</occluded>
		<bndbox>
			<xmin>763.0745</xmin>
			<ymin>531.323</ymin>
			<xmax>813.0745</xmax>
			<ymax>581.323</ymax>
		</bndbox>
		<bad>0</bad>
		<checkedby>-</checkedby>
	</object>
	<object>
		<name>person</name>
		<action>Trophozoite</action>
		<pose>Unspecified</pose>
		<truncated>0</truncated>
		<occluded>0</occluded>
		<bndbox>
			<xmin>802.4286</xmin>
			<ymin>136.5901</ymin>
			<xmax>852.4286</xmax>
			<ymax>186.5901</ymax>
		</bndbox>
		<bad>0</bad>
		<checkedby>-</checkedby>
	</object>
	<object>
		<name>person</name>
		<action>Trophozoite</action>
		<pose>Unspecified</pose>
		<truncated>0</truncated>
		<occluded>0</occluded>
		<bndbox>
			<xmin>810.7764</xmin>
			<ymin>91.2733</ymin>
			<xmax>860.7764</xmax>
			<ymax>141.2733</ymax>
		</bndbox>
		<bad>0</bad>
		<checkedby>-</checkedby>
	</object>
	<object>
		<name>person</name>
		<action>Trophozoite</action>
		<pose>Unspecified</pose>
		<truncated>0</truncated>
		<occluded>0</occluded>
		<bndbox>
			<xmin>772.6149</xmin>
			<ymin>100.8137</ymin>
			<xmax>822.6149</xmax>
			<ymax>150.8137</ymax>
		</bndbox>
		<bad>0</bad>
		<checkedby>-</checkedby>
	</object>
	<object>
		<name>person</name>
		<action>Trophozoite</action>
		<pose>Unspecified</pose>
		<truncated>0</truncated>
		<occluded>0</occluded>
		<bndbox>
			<xmin>702.2547</xmin>
			<ymin>37.6087</ymin>
			<xmax>752.2547</xmax>
			<ymax>87.6087</ymax>
		</bndbox>
		<bad>0</bad>
		<checkedby>-</checkedby>
	</object>
	<object>
		<name>person</name>
		<action>Trophozoite</action>
		<pose>Unspecified</pose>
		<truncated>0</truncated>
		<occluded>0</occluded>
		<bndbox>
			<xmin>741.6087</xmin>
			<ymin>-16.0559</ymin>
			<xmax>791.6087</xmax>
			<ymax>33.9441</ymax>
		</bndbox>
		<bad>0</bad>
		<checkedby>-</checkedby>
	</object>
	<object>
		<name>person</name>
		<action>Trophozoite</action>
		<pose>Unspecified</pose>
		<truncated>0</truncated>
		<occluded>0</occluded>
		<bndbox>
			<xmin>919.2981</xmin>
			<ymin>11.3727</ymin>
			<xmax>969.2981</xmax>
			<ymax>61.3727</ymax>
		</bndbox>
		<bad>0</bad>
		<checkedby>-</checkedby>
	</object>
	<object>
		<name>person</name>
		<action>Trophozoite</action>
		<pose>Unspecified</pose>
		<truncated>0</truncated>
		<occluded>0</occluded>
		<bndbox>
			<xmin>944.3416</xmin>
			<ymin>-18.441</ymin>
			<xmax>994.3416</xmax>
			<ymax>31.559</ymax>
		</bndbox>
		<bad>0</bad>
		<checkedby>-</checkedby>
	</object>
	<object>
		<name>person</name>
		<action>Trophozoite</action>
		<pose>Unspecified</pose>
		<truncated>0</truncated>
		<occluded>0</occluded>
		<bndbox>
			<xmin>938.3789</xmin>
			<ymin>152.0932</ymin>
			<xmax>988.3789</xmax>
			<ymax>202.0932</ymax>
		</bndbox>
		<bad>0</bad>
		<checkedby>-</checkedby>
	</object>
	<object>
		<name>person</name>
		<action>Trophozoite</action>
		<pose>Unspecified</pose>
		<truncated>0</truncated>
		<occluded>0</occluded>
		<bndbox>
			<xmin>988.4658</xmin>
			<ymin>186.677</ymin>
			<xmax>1038.4658</xmax>
			<ymax>236.677</ymax>
		</bndbox>
		<bad>0</bad>
		<checkedby>-</checkedby>
	</object>
</annotation>
